{
  "base-pass@1": 0.26280487804878055,
  "plus-pass@1": 0.2253048780487805,
  "base-pass@10": 0.4069921951113902,
  "plus-pass@10": 0.3541892629382246
}